{
    "loss": 0.03783142566680908,
    "accuracy": 0.9685878157615662,
    "categorical_accuracy": 0.6431052684783936
}