{
    "loss": 0.07930709421634674,
    "accuracy": 0.9717541337013245,
    "categorical_accuracy": 0.6895789504051208
}