{
    "loss": 0.06218978017568588,
    "accuracy": 0.9722549319267273,
    "categorical_accuracy": 0.7722965478897095
}