{
    "loss": 0.045595213770866394,
    "accuracy": 0.9741687178611755,
    "categorical_accuracy": 0.7210201621055603
}