{
    "loss": 0.12846875190734863,
    "accuracy": 0.9683681726455688,
    "categorical_accuracy": 0.6431655287742615
}